Comment,Designator,Footprint,LCSC
"Green LED","D1,D2,D3,D4","LED_SMD:LED_0603_1608Metric_Pad1.05x0.95mm_HandSolder","C84267"
"MountingHole","H1,H2,H3,H4","Socket_Arduino_Mega:Arduino_1pin",""
"Power Swtich","J1","Connector_PinHeader_2.54mm:PinHeader_1x02_P2.54mm_Vertical",""
"ATX-24","J2","Connector_Molex:Molex_Mini-Fit_Jr_5566-24A2_2x12_P4.20mm_Vertical",""
"ABSIS BACKLIGHT PWR","J3","Connector_Molex:Molex_Mini-Fit_Jr_5566-10A2_2x05_P4.20mm_Vertical",""
"MEGA BUS POWER","J4,J5,J6,J7,J8,J9,J10","Connector_Molex:Molex_Mini-Fit_Jr_5566-08A2_2x04_P4.20mm_Vertical",""
"150","R1,R2","Resistor_SMD:R_0603_1608Metric_Pad0.98x0.95mm_HandSolder","C22808"
"56","R3","Resistor_SMD:R_0603_1608Metric_Pad0.98x0.95mm_HandSolder","C25196"
"560","R4","Resistor_SMD:R_0603_1608Metric_Pad0.98x0.95mm_HandSolder","C23204"