Designator,Val,Package,Mid X,Mid Y,Rotation,Layer
D1,Green LED,LED_0603_1608Metric_Pad1.05x0.95mm_HandSolder,88.646,-107.301,90,top
D2,Green LED,LED_0603_1608Metric_Pad1.05x0.95mm_HandSolder,91.186,-107.301,90,top
D3,Green LED,LED_0603_1608Metric_Pad1.05x0.95mm_HandSolder,93.726,-107.301,90,top
D4,Green LED,LED_0603_1608Metric_Pad1.05x0.95mm_HandSolder,96.266,-107.301,90,top
R1,150,R_0603_1608Metric_Pad0.98x0.95mm_HandSolder,88.646,-102.4655,90,top
R2,150,R_0603_1608Metric_Pad0.98x0.95mm_HandSolder,91.186,-102.4655,90,top
R3,56,R_0603_1608Metric_Pad0.98x0.95mm_HandSolder,93.726,-102.4655,90,top
R4,560,R_0603_1608Metric_Pad0.98x0.95mm_HandSolder,96.266,-102.4655,90,top
