Comment,Designator,Footprint,LCSC
"WS2812B-2020","D1,D2,D3,D4,D5,D6,D7,D8,D9,D10,D11,D12,D13,D14,D15,D16,D17,D18,D19,D20,D21,D22,D23,D24,D25,D26,D27,D28,D29,D30,D31,D32,D33,D34,D35,D36,D37,D38,D39,D40,D41,D42","KiCAD Libraries:WS2812-2020","C965555"
"MountingHole","H1,H2","MountingHole:MountingHole_4.5mm",""
"BL IN","J1","Connector_Molex:Molex_Mini-Fit_Jr_5566-04A_2x02_P4.20mm_Vertical",""
"DATA","J2","Connector_PinHeader_2.54mm:PinHeader_2x04_P2.54mm_Vertical",""
"BL OUT","J3","Connector_Molex:Molex_Mini-Fit_Jr_5566-04A_2x02_P4.20mm_Vertical",""
"X40_8798","M1","KiCAD Libraries:x40_8798",""