<?xml version="1.0" encoding="UTF-8"?>
<export version="D">
  <design>
    <source>C:\GitHub\OpenHornet\ECAD\PCBs\OH_Specific\Functional\standby_altimeter\standby_altimeter.sch</source>
    <date>9/7/2021 12:46:25</date>
    <tool>Eeschema (5.1.9)-1</tool>
    <sheet number="1" name="/" tstamps="/">
      <title_block>
        <title/>
        <company/>
        <rev/>
        <date/>
        <source>standby_altimeter.sch</source>
        <comment number="1" value=""/>
        <comment number="2" value=""/>
        <comment number="3" value=""/>
        <comment number="4" value=""/>
      </title_block>
    </sheet>
  </design>
  <components>
    <comp ref="J1">
      <value>ALT_CONN</value>
      <footprint>Connector_PinHeader_2.54mm:PinHeader_2x06_P2.54mm_Vertical</footprint>
      <datasheet>~</datasheet>
      <libsource lib="Connector_Generic" part="Conn_02x06_Odd_Even" description="Generic connector, double row, 02x06, odd/even pin numbering scheme (row 1 odd numbers, row 2 even numbers), script generated (kicad-library-utils/schlib/autogen/connector/)"/>
      <sheetpath names="/" tstamps="/"/>
      <tstamp>6133AB04</tstamp>
    </comp>
    <comp ref="DS1">
      <value>10K_ALT_DISP</value>
      <footprint>Connector_PinSocket_2.54mm:PinSocket_1x04_P2.54mm_Vertical</footprint>
      <datasheet>~</datasheet>
      <libsource lib="Connector" part="Conn_01x04_Female" description="Generic connector, single row, 01x04, script generated (kicad-library-utils/schlib/autogen/connector/)"/>
      <sheetpath names="/" tstamps="/"/>
      <tstamp>613613C9</tstamp>
    </comp>
    <comp ref="DS2">
      <value>PRESS_DISP</value>
      <footprint>Connector_PinSocket_2.54mm:PinSocket_1x04_P2.54mm_Vertical</footprint>
      <datasheet>~</datasheet>
      <libsource lib="Connector" part="Conn_01x04_Female" description="Generic connector, single row, 01x04, script generated (kicad-library-utils/schlib/autogen/connector/)"/>
      <sheetpath names="/" tstamps="/"/>
      <tstamp>613640A9</tstamp>
    </comp>
    <comp ref="J2">
      <value>ENCODER</value>
      <footprint>Connector_PinHeader_2.54mm:PinHeader_1x03_P2.54mm_Vertical</footprint>
      <datasheet>~</datasheet>
      <libsource lib="Connector" part="Conn_01x03_Male" description="Generic connector, single row, 01x03, script generated (kicad-library-utils/schlib/autogen/connector/)"/>
      <sheetpath names="/" tstamps="/"/>
      <tstamp>6137894B</tstamp>
    </comp>
    <comp ref="M1">
      <value>VID29-02</value>
      <footprint>KiCAD Libraries:VID29-02</footprint>
      <datasheet>http://www.infineon.com/dgdl/Application-Note-TLE8110EE_driving_UniPolarStepperMotor_V1.1.pdf?fileId=db3a30431be39b97011be5d0aa0a00b0</datasheet>
      <libsource lib="Motor" part="Stepper_Motor_bipolar" description="4-wire bipolar stepper motor"/>
      <sheetpath names="/" tstamps="/"/>
      <tstamp>61379EDE</tstamp>
    </comp>
    <comp ref="J3">
      <value>ZERO</value>
      <footprint>Connector_PinHeader_2.54mm:PinHeader_1x03_P2.54mm_Vertical</footprint>
      <datasheet>~</datasheet>
      <libsource lib="Connector" part="Conn_01x03_Male" description="Generic connector, single row, 01x03, script generated (kicad-library-utils/schlib/autogen/connector/)"/>
      <sheetpath names="/" tstamps="/"/>
      <tstamp>6137A947</tstamp>
    </comp>
    <comp ref="R3">
      <value>10K</value>
      <footprint>Resistor_SMD:R_0603_1608Metric</footprint>
      <datasheet>https://datasheet.lcsc.com/szlcsc/1811062009_UNI-ROYAL-Uniroyal-Elec-0603WAF1002T5E_C25804.pdf</datasheet>
      <fields>
        <field name="LCSC">C25804</field>
      </fields>
      <libsource lib="Device" part="R" description="Resistor"/>
      <sheetpath names="/" tstamps="/"/>
      <tstamp>604C588D</tstamp>
    </comp>
    <comp ref="R2">
      <value>10K</value>
      <footprint>Resistor_SMD:R_0603_1608Metric</footprint>
      <datasheet>https://datasheet.lcsc.com/szlcsc/1811062009_UNI-ROYAL-Uniroyal-Elec-0603WAF1002T5E_C25804.pdf</datasheet>
      <fields>
        <field name="LCSC">C25804</field>
      </fields>
      <libsource lib="Device" part="R" description="Resistor"/>
      <sheetpath names="/" tstamps="/"/>
      <tstamp>604C567A</tstamp>
    </comp>
    <comp ref="R1">
      <value>10K</value>
      <footprint>Resistor_SMD:R_0603_1608Metric</footprint>
      <datasheet>https://datasheet.lcsc.com/szlcsc/1811062009_UNI-ROYAL-Uniroyal-Elec-0603WAF1002T5E_C25804.pdf</datasheet>
      <fields>
        <field name="LCSC">C25804</field>
      </fields>
      <libsource lib="Device" part="R" description="Resistor"/>
      <sheetpath names="/" tstamps="/"/>
      <tstamp>6047E9B3</tstamp>
    </comp>
    <comp ref="C1">
      <value>47uF</value>
      <footprint>Capacitor_SMD:C_1206_3216Metric</footprint>
      <datasheet>https://datasheet.lcsc.com/szlcsc/Samsung-Electro-Mechanics-CL31A476MPHNNNE_C96123.pdf</datasheet>
      <fields>
        <field name="LCSC">C96123</field>
        <field name="PN">CL31A476MPHNNNE</field>
      </fields>
      <libsource lib="Device" part="C_Small" description="Unpolarized capacitor, small symbol"/>
      <sheetpath names="/" tstamps="/"/>
      <tstamp>6138CB9B</tstamp>
    </comp>
    <comp ref="H1">
      <value>MountingHole</value>
      <footprint>MountingHole:MountingHole_2.5mm</footprint>
      <datasheet>~</datasheet>
      <libsource lib="Mechanical" part="MountingHole" description="Mounting Hole without connection"/>
      <sheetpath names="/" tstamps="/"/>
      <tstamp>613EF815</tstamp>
    </comp>
    <comp ref="H2">
      <value>MountingHole</value>
      <footprint>MountingHole:MountingHole_2.5mm</footprint>
      <datasheet>~</datasheet>
      <libsource lib="Mechanical" part="MountingHole" description="Mounting Hole without connection"/>
      <sheetpath names="/" tstamps="/"/>
      <tstamp>613F0076</tstamp>
    </comp>
    <comp ref="H3">
      <value>MountingHole</value>
      <footprint>MountingHole:MountingHole_2.5mm</footprint>
      <datasheet>~</datasheet>
      <libsource lib="Mechanical" part="MountingHole" description="Mounting Hole without connection"/>
      <sheetpath names="/" tstamps="/"/>
      <tstamp>613F01D2</tstamp>
    </comp>
    <comp ref="U1">
      <value>TCA9548APWR</value>
      <footprint>Package_SO:TSSOP-24_4.4x7.8mm_P0.65mm</footprint>
      <datasheet>http://www.ti.com/lit/ds/symlink/tca9548a.pdf</datasheet>
      <fields>
        <field name="LCSC">C130026</field>
      </fields>
      <libsource lib="Interface_Expansion" part="TCA9548APWR" description="Low voltage 8-channel I2C switch with reset, TSSOP-24"/>
      <sheetpath names="/" tstamps="/"/>
      <tstamp>6137F795</tstamp>
    </comp>
  </components>
  <libparts>
    <libpart lib="Connector" part="Conn_01x03_Male">
      <description>Generic connector, single row, 01x03, script generated (kicad-library-utils/schlib/autogen/connector/)</description>
      <docs>~</docs>
      <footprints>
        <fp>Connector*:*_1x??_*</fp>
      </footprints>
      <fields>
        <field name="Reference">J</field>
        <field name="Value">Conn_01x03_Male</field>
      </fields>
      <pins>
        <pin num="1" name="Pin_1" type="passive"/>
        <pin num="2" name="Pin_2" type="passive"/>
        <pin num="3" name="Pin_3" type="passive"/>
      </pins>
    </libpart>
    <libpart lib="Connector" part="Conn_01x04_Female">
      <description>Generic connector, single row, 01x04, script generated (kicad-library-utils/schlib/autogen/connector/)</description>
      <docs>~</docs>
      <footprints>
        <fp>Connector*:*_1x??_*</fp>
      </footprints>
      <fields>
        <field name="Reference">J</field>
        <field name="Value">Conn_01x04_Female</field>
      </fields>
      <pins>
        <pin num="1" name="Pin_1" type="passive"/>
        <pin num="2" name="Pin_2" type="passive"/>
        <pin num="3" name="Pin_3" type="passive"/>
        <pin num="4" name="Pin_4" type="passive"/>
      </pins>
    </libpart>
    <libpart lib="Connector_Generic" part="Conn_02x06_Odd_Even">
      <description>Generic connector, double row, 02x06, odd/even pin numbering scheme (row 1 odd numbers, row 2 even numbers), script generated (kicad-library-utils/schlib/autogen/connector/)</description>
      <docs>~</docs>
      <footprints>
        <fp>Connector*:*_2x??_*</fp>
      </footprints>
      <fields>
        <field name="Reference">J</field>
        <field name="Value">Conn_02x06_Odd_Even</field>
      </fields>
      <pins>
        <pin num="1" name="Pin_1" type="passive"/>
        <pin num="2" name="Pin_2" type="passive"/>
        <pin num="3" name="Pin_3" type="passive"/>
        <pin num="4" name="Pin_4" type="passive"/>
        <pin num="5" name="Pin_5" type="passive"/>
        <pin num="6" name="Pin_6" type="passive"/>
        <pin num="7" name="Pin_7" type="passive"/>
        <pin num="8" name="Pin_8" type="passive"/>
        <pin num="9" name="Pin_9" type="passive"/>
        <pin num="10" name="Pin_10" type="passive"/>
        <pin num="11" name="Pin_11" type="passive"/>
        <pin num="12" name="Pin_12" type="passive"/>
      </pins>
    </libpart>
    <libpart lib="Device" part="C_Small">
      <description>Unpolarized capacitor, small symbol</description>
      <docs>~</docs>
      <footprints>
        <fp>C_*</fp>
      </footprints>
      <fields>
        <field name="Reference">C</field>
        <field name="Value">C_Small</field>
      </fields>
      <pins>
        <pin num="1" name="~" type="passive"/>
        <pin num="2" name="~" type="passive"/>
      </pins>
    </libpart>
    <libpart lib="Device" part="R">
      <description>Resistor</description>
      <docs>~</docs>
      <footprints>
        <fp>R_*</fp>
      </footprints>
      <fields>
        <field name="Reference">R</field>
        <field name="Value">R</field>
      </fields>
      <pins>
        <pin num="1" name="~" type="passive"/>
        <pin num="2" name="~" type="passive"/>
      </pins>
    </libpart>
    <libpart lib="Interface_Expansion" part="TCA9548APWR">
      <aliases>
        <alias>PCA9548APW</alias>
      </aliases>
      <description>Low voltage 8-channel I2C switch with reset, TSSOP-24</description>
      <docs>http://www.ti.com/lit/ds/symlink/tca9548a.pdf</docs>
      <footprints>
        <fp>TSSOP*4.4x7.8mm*P0.65mm*</fp>
      </footprints>
      <fields>
        <field name="Reference">U</field>
        <field name="Value">TCA9548APWR</field>
        <field name="Footprint">Package_SO:TSSOP-24_4.4x7.8mm_P0.65mm</field>
      </fields>
      <pins>
        <pin num="1" name="A0" type="input"/>
        <pin num="2" name="A1" type="input"/>
        <pin num="3" name="~RESET" type="input"/>
        <pin num="4" name="SD0" type="BiDi"/>
        <pin num="5" name="SC0" type="output"/>
        <pin num="6" name="SD1" type="BiDi"/>
        <pin num="7" name="SC1" type="output"/>
        <pin num="8" name="SD2" type="BiDi"/>
        <pin num="9" name="SC2" type="output"/>
        <pin num="10" name="SD3" type="BiDi"/>
        <pin num="11" name="SC3" type="output"/>
        <pin num="12" name="GND" type="power_in"/>
        <pin num="13" name="SD4" type="BiDi"/>
        <pin num="14" name="SC4" type="output"/>
        <pin num="15" name="SD5" type="BiDi"/>
        <pin num="16" name="SC5" type="output"/>
        <pin num="17" name="SD6" type="BiDi"/>
        <pin num="18" name="SC6" type="output"/>
        <pin num="19" name="SD7" type="BiDi"/>
        <pin num="20" name="SC7" type="output"/>
        <pin num="21" name="A2" type="input"/>
        <pin num="22" name="SCL" type="input"/>
        <pin num="23" name="SDA" type="BiDi"/>
        <pin num="24" name="VCC" type="power_in"/>
      </pins>
    </libpart>
    <libpart lib="Mechanical" part="MountingHole">
      <description>Mounting Hole without connection</description>
      <docs>~</docs>
      <footprints>
        <fp>MountingHole*</fp>
      </footprints>
      <fields>
        <field name="Reference">H</field>
        <field name="Value">MountingHole</field>
      </fields>
    </libpart>
    <libpart lib="Motor" part="Stepper_Motor_bipolar">
      <description>4-wire bipolar stepper motor</description>
      <docs>http://www.infineon.com/dgdl/Application-Note-TLE8110EE_driving_UniPolarStepperMotor_V1.1.pdf?fileId=db3a30431be39b97011be5d0aa0a00b0</docs>
      <footprints>
        <fp>PinHeader*P2.54mm*Vertical*</fp>
        <fp>TerminalBlock*</fp>
        <fp>Motor*</fp>
      </footprints>
      <fields>
        <field name="Reference">M</field>
        <field name="Value">Stepper_Motor_bipolar</field>
      </fields>
      <pins>
        <pin num="1" name="~" type="passive"/>
        <pin num="2" name="-" type="passive"/>
        <pin num="3" name="~" type="passive"/>
        <pin num="4" name="~" type="passive"/>
      </pins>
    </libpart>
  </libparts>
  <libraries>
    <library logical="Connector">
      <uri>C:\Program Files\KiCad\share\kicad\library/Connector.lib</uri>
    </library>
    <library logical="Connector_Generic">
      <uri>C:\Program Files\KiCad\share\kicad\library/Connector_Generic.lib</uri>
    </library>
    <library logical="Device">
      <uri>C:\Program Files\KiCad\share\kicad\library/Device.lib</uri>
    </library>
    <library logical="Interface_Expansion">
      <uri>C:\Program Files\KiCad\share\kicad\library/Interface_Expansion.lib</uri>
    </library>
    <library logical="Mechanical">
      <uri>C:\Program Files\KiCad\share\kicad\library/Mechanical.lib</uri>
    </library>
    <library logical="Motor">
      <uri>C:\Program Files\KiCad\share\kicad\library/Motor.lib</uri>
    </library>
  </libraries>
  <nets>
    <net code="1" name="Net-(R1-Pad2)">
      <node ref="U1" pin="3"/>
      <node ref="R1" pin="2"/>
    </net>
    <net code="2" name="GND">
      <node ref="DS2" pin="1"/>
      <node ref="DS1" pin="1"/>
      <node ref="U1" pin="1"/>
      <node ref="U1" pin="12"/>
      <node ref="U1" pin="21"/>
      <node ref="U1" pin="2"/>
      <node ref="C1" pin="2"/>
      <node ref="J2" pin="2"/>
      <node ref="J3" pin="3"/>
      <node ref="J1" pin="12"/>
    </net>
    <net code="3" name="+5V">
      <node ref="R3" pin="1"/>
      <node ref="R2" pin="1"/>
      <node ref="J1" pin="10"/>
      <node ref="J3" pin="1"/>
      <node ref="R1" pin="1"/>
      <node ref="C1" pin="1"/>
      <node ref="U1" pin="24"/>
    </net>
    <net code="4" name="/SCL">
      <node ref="J1" pin="2"/>
      <node ref="R3" pin="2"/>
      <node ref="U1" pin="22"/>
    </net>
    <net code="5" name="/SDA">
      <node ref="J1" pin="4"/>
      <node ref="U1" pin="23"/>
      <node ref="R2" pin="2"/>
    </net>
    <net code="6" name="Net-(U1-Pad13)">
      <node ref="U1" pin="13"/>
    </net>
    <net code="7" name="Net-(U1-Pad14)">
      <node ref="U1" pin="14"/>
    </net>
    <net code="8" name="Net-(U1-Pad15)">
      <node ref="U1" pin="15"/>
    </net>
    <net code="9" name="Net-(U1-Pad16)">
      <node ref="U1" pin="16"/>
    </net>
    <net code="10" name="Net-(U1-Pad17)">
      <node ref="U1" pin="17"/>
    </net>
    <net code="11" name="Net-(U1-Pad18)">
      <node ref="U1" pin="18"/>
    </net>
    <net code="12" name="Net-(U1-Pad19)">
      <node ref="U1" pin="19"/>
    </net>
    <net code="13" name="Net-(U1-Pad20)">
      <node ref="U1" pin="20"/>
    </net>
    <net code="14" name="/SD0">
      <node ref="U1" pin="4"/>
      <node ref="DS1" pin="4"/>
    </net>
    <net code="15" name="/SC0">
      <node ref="DS1" pin="3"/>
      <node ref="U1" pin="5"/>
    </net>
    <net code="16" name="/SD1">
      <node ref="U1" pin="6"/>
      <node ref="DS2" pin="4"/>
    </net>
    <net code="17" name="/SC1">
      <node ref="U1" pin="7"/>
      <node ref="DS2" pin="3"/>
    </net>
    <net code="18" name="Net-(U1-Pad8)">
      <node ref="U1" pin="8"/>
    </net>
    <net code="19" name="Net-(U1-Pad9)">
      <node ref="U1" pin="9"/>
    </net>
    <net code="20" name="Net-(U1-Pad11)">
      <node ref="U1" pin="11"/>
    </net>
    <net code="21" name="Net-(U1-Pad10)">
      <node ref="U1" pin="10"/>
    </net>
    <net code="22" name="+3V3">
      <node ref="J1" pin="11"/>
      <node ref="DS2" pin="2"/>
      <node ref="DS1" pin="2"/>
    </net>
    <net code="23" name="/COIL1">
      <node ref="J1" pin="5"/>
      <node ref="M1" pin="1"/>
    </net>
    <net code="24" name="/CH_B">
      <node ref="J2" pin="3"/>
      <node ref="J1" pin="6"/>
    </net>
    <net code="25" name="/CH_A">
      <node ref="J2" pin="1"/>
      <node ref="J1" pin="8"/>
    </net>
    <net code="26" name="/COIL2">
      <node ref="M1" pin="2"/>
      <node ref="J1" pin="7"/>
    </net>
    <net code="27" name="/COIL3">
      <node ref="J1" pin="1"/>
      <node ref="M1" pin="3"/>
    </net>
    <net code="28" name="/COIL4">
      <node ref="J1" pin="3"/>
      <node ref="M1" pin="4"/>
    </net>
    <net code="29" name="/ZERO_DETECT">
      <node ref="J1" pin="9"/>
      <node ref="J3" pin="2"/>
    </net>
  </nets>
</export>
