Designator,Val,Package,Mid X,Mid Y,Rotation,Layer
C1,0.1uF,C_0805_2012Metric_Pad1.15x1.40mm_HandSolder,73.533,39.497,90,top
C2,0.1uF,C_0805_2012Metric_Pad1.15x1.40mm_HandSolder,56.896,39.116,90,top
C3,0.1uF,C_0805_2012Metric_Pad1.15x1.40mm_HandSolder,40.386,39.243,90,top
R1,120,R_0805_2012Metric_Pad1.15x1.40mm_HandSolder,68.961,35.941,180,top
R2,120,R_0805_2012Metric_Pad1.15x1.40mm_HandSolder,52.451,35.941,180,top
R3,120,R_0805_2012Metric_Pad1.15x1.40mm_HandSolder,35.941,35.941,180,top
U1,MAX487EESA+T,SOIC-8_3.9x4.9mm_P1.27mm,68.961,41.021,270,top
U2,MAX487EESA+T,SOIC-8_3.9x4.9mm_P1.27mm,52.451,41.021,270,top
U3,MAX487EESA+T,SOIC-8_3.9x4.9mm_P1.27mm,35.941,41.021,270,top
